ScientificName	AphiaID	Match type	LSID	ScientificName	Authority	AphiaID_accepted	ScientificName_accepted	Authority_accepted	Kingdom	Phylum	Class	Order	Family	Genus	Subgenus	Species	Subspecies
Acanthophora spicifera	211768	exact	urn:lsid:marinespecies.org:taxname:211768	Acanthophora spicifera	(M.Vahl) Børgesen, 1910	211768	Acanthophora spicifera	(M.Vahl) Børgesen, 1910	Plantae	Rhodophyta	Florideophyceae	Ceramiales	Rhodomelaceae	Acanthophora		spicifera	
Acanthopleura granulata	386270	exact	urn:lsid:marinespecies.org:taxname:386270	Acanthopleura granulata	(Gmelin, 1791)	386270	Acanthopleura granulata	(Gmelin, 1791)	Animalia	Mollusca	Polyplacophora	Chitonida	Chitonidae	Acanthopleura		granulata	
Acmaea antillarum	744934	exact	urn:lsid:marinespecies.org:taxname:744934	Acmaea antillarum	(G. B. Sowerby I, 1834)	456586	Lottia antillarum	G. B. Sowerby I, 1834	Animalia	Mollusca	Gastropoda		Acmaeidae	Acmaea		antillarum	
Acmaea sp1	137616	exact	urn:lsid:marinespecies.org:taxname:137616	Acmaea	Eschscholtz, 1833	137616	Acmaea	Eschscholtz, 1833	Animalia	Mollusca	Gastropoda		Acmaeidae	Acmaea			
Acmaea sp2	137616	exact	urn:lsid:marinespecies.org:taxname:137616	Acmaea	Eschscholtz, 1833	137616	Acmaea	Eschscholtz, 1833	Animalia	Mollusca	Gastropoda		Acmaeidae	Acmaea			
Acmaea sp4	137616	exact	urn:lsid:marinespecies.org:taxname:137616	Acmaea	Eschscholtz, 1833	137616	Acmaea	Eschscholtz, 1833	Animalia	Mollusca	Gastropoda		Acmaeidae	Acmaea			
Actiniaria spp1	1360	exact	urn:lsid:marinespecies.org:taxname:1360	Actiniaria		1360	Actiniaria		Animalia	Cnidaria	Anthozoa	Actiniaria					
Agaricia agaricites	287911	exact	urn:lsid:marinespecies.org:taxname:287911	Agaricia agaricites	(Linnaeus, 1758)	287911	Agaricia agaricites	(Linnaeus, 1758)	Animalia	Cnidaria	Anthozoa	Scleractinia	Agariciidae	Agaricia		agaricites	
Amphiroa fragilissima	145099	exact	urn:lsid:marinespecies.org:taxname:145099	Amphiroa fragilissima	(Linnaeus) J.V.Lamouroux, 1816	145099	Amphiroa fragilissima	(Linnaeus) J.V.Lamouroux, 1816	Plantae	Rhodophyta	Florideophyceae	Corallinales	Corallinaceae	Amphiroa		fragilissima	
Amphiroa sp1	144003	exact	urn:lsid:marinespecies.org:taxname:144003	Amphiroa	J.V.Lamouroux, 1812	144003	Amphiroa	J.V.Lamouroux, 1812	Plantae	Rhodophyta	Florideophyceae	Corallinales	Corallinaceae	Amphiroa			
Aplysia dactylomela	138753	exact	urn:lsid:marinespecies.org:taxname:138753	Aplysia dactylomela	Rang, 1828	138753	Aplysia dactylomela	Rang, 1828	Animalia	Mollusca	Gastropoda	Aplysiida	Aplysiidae	Aplysia		dactylomela	
Ascidiidae spp	103443	exact	urn:lsid:marinespecies.org:taxname:103443	Ascidiidae	Herdman, 1882	103443	Ascidiidae	Herdman, 1882	Animalia	Chordata	Ascidiacea	Phlebobranchia	Ascidiidae				
Asparagopsis sp1	143809	exact	urn:lsid:marinespecies.org:taxname:143809	Asparagopsis	Montagne, 1840	143809	Asparagopsis	Montagne, 1840	Plantae	Rhodophyta	Florideophyceae	Bonnemaisoniales	Bonnemaisoniaceae	Asparagopsis			
Asparagopsis sp2	143809	exact	urn:lsid:marinespecies.org:taxname:143809	Asparagopsis	Montagne, 1840	143809	Asparagopsis	Montagne, 1840	Plantae	Rhodophyta	Florideophyceae	Bonnemaisoniales	Bonnemaisoniaceae	Asparagopsis			
Asparagopsis sp3	143809	exact	urn:lsid:marinespecies.org:taxname:143809	Asparagopsis	Montagne, 1840	143809	Asparagopsis	Montagne, 1840	Plantae	Rhodophyta	Florideophyceae	Bonnemaisoniales	Bonnemaisoniaceae	Asparagopsis			
Astraea sp1	739035	exact	urn:lsid:marinespecies.org:taxname:739035	Astraea	Lamarck, 1801	517592	Astrea	Lamarck, 1801	Animalia	Cnidaria	Anthozoa	Scleractinia	Merulinidae	Astraea			
Astraea tecta	413407	near_1	urn:lsid:marinespecies.org:taxname:413407	Lithopoma americanum	(Gmelin, 1791)	413407	Lithopoma americanum	(Gmelin, 1791)	Animalia	Mollusca	Gastropoda	Trochida	Turbinidae	Lithopoma	americanum		
Balanus sp2	106122	exact	urn:lsid:marinespecies.org:taxname:106122	Balanus	Costa, 1778	106122	Balanus	Costa, 1778	Animalia	Arthropoda	Hexanauplia	Sessilia	Balanidae	Balanus			
Bivalvia spp	105	exact	urn:lsid:marinespecies.org:taxname:105	Bivalvia	Linnaeus, 1758	105	Bivalvia	Linnaeus, 1758	Animalia	Mollusca	Bivalvia						
Brachidontes dominguensis	420695	phonetic	urn:lsid:marinespecies.org:taxname:420695	Brachidontes domingensis	(Lamarck, 1819)	420695	Brachidontes domingensis	(Lamarck, 1819)	Animalia	Mollusca	Bivalvia	Mytilida	Mytilidae	Brachidontes		domingensis	
Brachidontes sp1	138215	exact	urn:lsid:marinespecies.org:taxname:138215	Brachidontes	Swainson, 1840	138215	Brachidontes	Swainson, 1840	Animalia	Mollusca	Bivalvia	Mytilida	Mytilidae	Brachidontes			
Brachidontes sp2	138215	exact	urn:lsid:marinespecies.org:taxname:138215	Brachidontes	Swainson, 1840	138215	Brachidontes	Swainson, 1840	Animalia	Mollusca	Bivalvia	Mytilida	Mytilidae	Brachidontes			
Brachidontes sp3	138215	exact	urn:lsid:marinespecies.org:taxname:138215	Brachidontes	Swainson, 1840	138215	Brachidontes	Swainson, 1840	Animalia	Mollusca	Bivalvia	Mytilida	Mytilidae	Brachidontes			
Brachidontes sp4	138215	exact	urn:lsid:marinespecies.org:taxname:138215	Brachidontes	Swainson, 1840	138215	Brachidontes	Swainson, 1840	Animalia	Mollusca	Bivalvia	Mytilida	Mytilidae	Brachidontes			
Brachidontes sp5	138215	exact	urn:lsid:marinespecies.org:taxname:138215	Brachidontes	Swainson, 1840	138215	Brachidontes	Swainson, 1840	Animalia	Mollusca	Bivalvia	Mytilida	Mytilidae	Brachidontes			
Brachidontes sp6	138215	exact	urn:lsid:marinespecies.org:taxname:138215	Brachidontes	Swainson, 1840	138215	Brachidontes	Swainson, 1840	Animalia	Mollusca	Bivalvia	Mytilida	Mytilidae	Brachidontes			
Brachidontes sp7	138215	exact	urn:lsid:marinespecies.org:taxname:138215	Brachidontes	Swainson, 1840	138215	Brachidontes	Swainson, 1840	Animalia	Mollusca	Bivalvia	Mytilida	Mytilidae	Brachidontes			
Bryopsis pennata	144456	exact	urn:lsid:marinespecies.org:taxname:144456	Bryopsis pennata	J.V.Lamouroux, 1809	144456	Bryopsis pennata	J.V.Lamouroux, 1809	Plantae	Chlorophyta	Ulvophyceae	Bryopsidales	Bryopsidaceae	Bryopsis		pennata	
Bryopsis plumosa	144457	exact	urn:lsid:marinespecies.org:taxname:144457	Bryopsis plumosa	(Hudson) C.Agardh, 1823	144457	Bryopsis plumosa	(Hudson) C.Agardh, 1823	Plantae	Chlorophyta	Ulvophyceae	Bryopsidales	Bryopsidaceae	Bryopsis		plumosa	
Bryopsis sp1	143812	exact	urn:lsid:marinespecies.org:taxname:143812	Bryopsis	J.V.Lamouroux, 1809	143812	Bryopsis	J.V.Lamouroux, 1809	Plantae	Chlorophyta	Ulvophyceae	Bryopsidales	Bryopsidaceae	Bryopsis			
Caulerpa mexicana	144468	exact	urn:lsid:marinespecies.org:taxname:144468	Caulerpa mexicana	Sonder ex Kützing, 1849	144468	Caulerpa mexicana	Sonder ex Kützing, 1849	Plantae	Chlorophyta	Ulvophyceae	Bryopsidales	Caulerpaceae	Caulerpa		mexicana	
Caulerpa racemosa	144472	exact	urn:lsid:marinespecies.org:taxname:144472	Caulerpa racemosa	(Forsskål) J.Agardh, 1873	144472	Caulerpa racemosa	(Forsskål) J.Agardh, 1873	Plantae	Chlorophyta	Ulvophyceae	Bryopsidales	Caulerpaceae	Caulerpa		racemosa	
Caulerpa sertularioides	144474	exact	urn:lsid:marinespecies.org:taxname:144474	Caulerpa sertularioides	(S.G.Gmelin) M.A.Howe, 1905	144474	Caulerpa sertularioides	(S.G.Gmelin) M.A.Howe, 1905	Plantae	Chlorophyta	Ulvophyceae	Bryopsidales	Caulerpaceae	Caulerpa		sertularioides	
Caulerpa sp1	143816	exact	urn:lsid:marinespecies.org:taxname:143816	Caulerpa	J.V. Lamouroux, 1809	143816	Caulerpa	J.V. Lamouroux, 1809	Plantae	Chlorophyta	Ulvophyceae	Bryopsidales	Caulerpaceae	Caulerpa			
Caulerpa sp2	143816	exact	urn:lsid:marinespecies.org:taxname:143816	Caulerpa	J.V. Lamouroux, 1809	143816	Caulerpa	J.V. Lamouroux, 1809	Plantae	Chlorophyta	Ulvophyceae	Bryopsidales	Caulerpaceae	Caulerpa			
Caulerpa sp3	143816	exact	urn:lsid:marinespecies.org:taxname:143816	Caulerpa	J.V. Lamouroux, 1809	143816	Caulerpa	J.V. Lamouroux, 1809	Plantae	Chlorophyta	Ulvophyceae	Bryopsidales	Caulerpaceae	Caulerpa			
CCA																	
Centroceras sp1	143833	exact	urn:lsid:marinespecies.org:taxname:143833	Centroceras	Kützing, 1842 '1841'	143833	Centroceras	Kützing, 1842 '1841'	Plantae	Rhodophyta	Florideophyceae	Ceramiales	Ceramiaceae	Centroceras			
Ceratozona squalida	386149	exact	urn:lsid:marinespecies.org:taxname:386149	Ceratozona squalida	(C. B. Adams, 1845)	386149	Ceratozona squalida	(C. B. Adams, 1845)	Animalia	Mollusca	Polyplacophora	Chitonida	Callistoplacidae	Ceratozona		squalida	
Cerithium atratum	224572	exact	urn:lsid:marinespecies.org:taxname:224572	Cerithium atratum	(Born, 1778)	224572	Cerithium atratum	(Born, 1778)	Animalia	Mollusca	Gastropoda	[unassigned] Caenogastropoda	Cerithiidae	Cerithium		atratum	
Cerithium sp1	137760	exact	urn:lsid:marinespecies.org:taxname:137760	Cerithium	Bruguière, 1789	137760	Cerithium	Bruguière, 1789	Animalia	Mollusca	Gastropoda	[unassigned] Caenogastropoda	Cerithiidae	Cerithium			
Chaetomorpha antennina	145021	exact	urn:lsid:marinespecies.org:taxname:145021	Chaetomorpha antennina	(Bory de Saint-Vincent) Kützing, 1847	145021	Chaetomorpha antennina	(Bory de Saint-Vincent) Kützing, 1847	Plantae	Chlorophyta	Ulvophyceae	Cladophorales	Cladophoraceae	Chaetomorpha		antennina	
Chaetomorpha crassa	145022	exact	urn:lsid:marinespecies.org:taxname:145022	Chaetomorpha crassa	(C.Agardh) Kützing, 1845	145022	Chaetomorpha crassa	(C.Agardh) Kützing, 1845	Plantae	Chlorophyta	Ulvophyceae	Cladophorales	Cladophoraceae	Chaetomorpha		crassa	
Chaetomorpha gracilis	145024	exact	urn:lsid:marinespecies.org:taxname:145024	Chaetomorpha gracilis	Kützing, 1845	145024	Chaetomorpha gracilis	Kützing, 1845	Plantae	Chlorophyta	Ulvophyceae	Cladophorales	Cladophoraceae	Chaetomorpha		gracilis	
Chaetomorpha sp1	143995	exact	urn:lsid:marinespecies.org:taxname:143995	Chaetomorpha	Kützing, 1845	143995	Chaetomorpha	Kützing, 1845	Plantae	Chlorophyta	Ulvophyceae	Cladophorales	Cladophoraceae	Chaetomorpha			
Chama sp1	137775	exact	urn:lsid:marinespecies.org:taxname:137775	Chama	Linnaeus, 1758	137775	Chama	Linnaeus, 1758	Animalia	Mollusca	Bivalvia		Chamidae	Chama			
Chiton sp4	137779	exact	urn:lsid:marinespecies.org:taxname:137779	Chiton	Linnaeus, 1758	137779	Chiton	Linnaeus, 1758	Animalia	Mollusca	Polyplacophora	Chitonida	Chitonidae	Chiton			
Chiton sp5	137779	exact	urn:lsid:marinespecies.org:taxname:137779	Chiton	Linnaeus, 1758	137779	Chiton	Linnaeus, 1758	Animalia	Mollusca	Polyplacophora	Chitonida	Chitonidae	Chiton			
Chiton sp6	137779	exact	urn:lsid:marinespecies.org:taxname:137779	Chiton	Linnaeus, 1758	137779	Chiton	Linnaeus, 1758	Animalia	Mollusca	Polyplacophora	Chitonida	Chitonidae	Chiton			
Chiton squamosus	848071	exact	urn:lsid:marinespecies.org:taxname:848071	Chiton squamosus	Linnaeus, 1764	848071	Chiton squamosus	Linnaeus, 1764	Animalia	Mollusca	Polyplacophora	Chitonida	Chitonidae	Chiton		squamosus	
Chlorophyta spp	801	exact	urn:lsid:marinespecies.org:taxname:801	Chlorophyta	Pascher, 1914	801	Chlorophyta	Pascher, 1914	Plantae	Chlorophyta							
Cirripedia spp	1082	exact	urn:lsid:marinespecies.org:taxname:1082	Cirripedia	Burmeister, 1834	1082	Cirripedia	Burmeister, 1834	Animalia	Arthropoda	Hexanauplia						
Cittarium pica	419449	exact	urn:lsid:marinespecies.org:taxname:419449	Cittarium pica	(Linnaeus, 1758)	419449	Cittarium pica	(Linnaeus, 1758)	Animalia	Mollusca	Gastropoda	Trochida	Tegulidae	Cittarium		pica	
Cittarium sp1	413476	exact	urn:lsid:marinespecies.org:taxname:413476	Cittarium	Philippi, 1847	413476	Cittarium	Philippi, 1847	Animalia	Mollusca	Gastropoda	Trochida	Tegulidae	Cittarium			
Cittarium sp2	413476	exact	urn:lsid:marinespecies.org:taxname:413476	Cittarium	Philippi, 1847	413476	Cittarium	Philippi, 1847	Animalia	Mollusca	Gastropoda	Trochida	Tegulidae	Cittarium			
Cliona sp1	132026	exact	urn:lsid:marinespecies.org:taxname:132026	Cliona	Grant, 1826	132026	Cliona	Grant, 1826	Animalia	Porifera	Demospongiae	Clionaida	Clionaidae	Cliona			
Cliona sp4	132026	exact	urn:lsid:marinespecies.org:taxname:132026	Cliona	Grant, 1826	132026	Cliona	Grant, 1826	Animalia	Porifera	Demospongiae	Clionaida	Clionaidae	Cliona			
Colpomenia sinuosa	145857	exact	urn:lsid:marinespecies.org:taxname:145857	Colpomenia sinuosa	(Mertens ex Roth) Derbès & Solier, 1851	145857	Colpomenia sinuosa	(Mertens ex Roth) Derbès & Solier, 1851	Chromista	Ochrophyta	Phaeophyceae	Scytosiphonales	Scytosiphonaceae	Colpomenia		sinuosa	
Columbella sp1	137803	exact	urn:lsid:marinespecies.org:taxname:137803	Columbella	Lamarck, 1799	137803	Columbella	Lamarck, 1799	Animalia	Mollusca	Gastropoda	Neogastropoda	Columbellidae	Columbella			
Corallina racemosa	649106	exact	urn:lsid:marinespecies.org:taxname:649106	Corallina racemosa	Kützing	649106	Corallina racemosa	Kützing	Plantae	Rhodophyta	Florideophyceae	Corallinales	Corallinaceae	Corallina		racemosa	
Corallina sp2	144007	exact	urn:lsid:marinespecies.org:taxname:144007	Corallina	Linnaeus, 1758	144007	Corallina	Linnaeus, 1758	Plantae	Rhodophyta	Florideophyceae	Corallinales	Corallinaceae	Corallina			
Dasya sp1	143870	exact	urn:lsid:marinespecies.org:taxname:143870	Dasya	C.Agardh, 1824	143870	Dasya	C.Agardh, 1824	Plantae	Rhodophyta	Florideophyceae	Ceramiales	Dasyaceae	Dasya			
Dasya sp2	143870	exact	urn:lsid:marinespecies.org:taxname:143870	Dasya	C.Agardh, 1824	143870	Dasya	C.Agardh, 1824	Plantae	Rhodophyta	Florideophyceae	Ceramiales	Dasyaceae	Dasya			
Decapoda spp	1130	exact	urn:lsid:marinespecies.org:taxname:1130	Decapoda	Latreille, 1802	1130	Decapoda	Latreille, 1802	Animalia	Arthropoda	Malacostraca	Decapoda					
Dichocoenia sp1	267382	exact	urn:lsid:marinespecies.org:taxname:267382	Dichocoenia	Milne Edwards & Haime, 1848	267382	Dichocoenia	Milne Edwards & Haime, 1848	Animalia	Cnidaria	Anthozoa	Scleractinia	Meandrinidae	Dichocoenia			
Dictyosphaeria sp1	144265	exact	urn:lsid:marinespecies.org:taxname:144265	Dictyosphaeria	Decaisne, 1842	144265	Dictyosphaeria	Decaisne, 1842	Plantae	Chlorophyta	Ulvophyceae	Siphonocladales	Siphonocladaceae	Dictyosphaeria			
Dictyota cervicornis	145364	exact	urn:lsid:marinespecies.org:taxname:145364	Dictyota cervicornis	Kützing, 1859	377141	Canistrocarpus cervicornis	(Kützing) De Paula & De Clerck, 2006	Chromista	Ochrophyta	Phaeophyceae	Dictyotales	Dictyotaceae	Dictyota		cervicornis	
Dictyota dichotoma	145367	exact	urn:lsid:marinespecies.org:taxname:145367	Dictyota dichotoma	(Hudson) J.V.Lamouroux, 1809	145367	Dictyota dichotoma	(Hudson) J.V.Lamouroux, 1809	Chromista	Ochrophyta	Phaeophyceae	Dictyotales	Dictyotaceae	Dictyota		dichotoma	
Dictyota hamifera	220775	exact	urn:lsid:marinespecies.org:taxname:220775	Dictyota hamifera	Setchell, 1926	220775	Dictyota hamifera	Setchell, 1926	Chromista	Ochrophyta	Phaeophyceae	Dictyotales	Dictyotaceae	Dictyota		hamifera	
Dictyota humifusa	145370	exact	urn:lsid:marinespecies.org:taxname:145370	Dictyota humifusa	Hörnig, Schnetter & Coppejans, 1992	145370	Dictyota humifusa	Hörnig, Schnetter & Coppejans, 1992	Chromista	Ochrophyta	Phaeophyceae	Dictyotales	Dictyotaceae	Dictyota		humifusa	
Dictyota menstrualis	145375	exact	urn:lsid:marinespecies.org:taxname:145375	Dictyota menstrualis	(Hoyt) Schnetter, Hörning & Weber-Peukert, 1987	145375	Dictyota menstrualis	(Hoyt) Schnetter, Hörning & Weber-Peukert, 1987	Chromista	Ochrophyta	Phaeophyceae	Dictyotales	Dictyotaceae	Dictyota		menstrualis	
Dictyota pfaffi	381214	phonetic	urn:lsid:marinespecies.org:taxname:381214	Dictyota pfaffii	Schnetter, 1972	220782	Dictyota friabilis	Setchell, 1926	Chromista	Ochrophyta	Phaeophyceae	Dictyotales	Dictyotaceae	Dictyota		pfaffii	
Dictyota sp1	144086	exact	urn:lsid:marinespecies.org:taxname:144086	Dictyota	J.V.Lamouroux, 1809	144086	Dictyota	J.V.Lamouroux, 1809	Chromista	Ochrophyta	Phaeophyceae	Dictyotales	Dictyotaceae	Dictyota			
Dictyota sp2	144086	exact	urn:lsid:marinespecies.org:taxname:144086	Dictyota	J.V.Lamouroux, 1809	144086	Dictyota	J.V.Lamouroux, 1809	Chromista	Ochrophyta	Phaeophyceae	Dictyotales	Dictyotaceae	Dictyota			
Dictyota sp3	144086	exact	urn:lsid:marinespecies.org:taxname:144086	Dictyota	J.V.Lamouroux, 1809	144086	Dictyota	J.V.Lamouroux, 1809	Chromista	Ochrophyta	Phaeophyceae	Dictyotales	Dictyotaceae	Dictyota			
Dictyota sp4	144086	exact	urn:lsid:marinespecies.org:taxname:144086	Dictyota	J.V.Lamouroux, 1809	144086	Dictyota	J.V.Lamouroux, 1809	Chromista	Ochrophyta	Phaeophyceae	Dictyotales	Dictyotaceae	Dictyota			
Dictyota sp5	144086	exact	urn:lsid:marinespecies.org:taxname:144086	Dictyota	J.V.Lamouroux, 1809	144086	Dictyota	J.V.Lamouroux, 1809	Chromista	Ochrophyta	Phaeophyceae	Dictyotales	Dictyotaceae	Dictyota			
Dictyota sp6	144086	exact	urn:lsid:marinespecies.org:taxname:144086	Dictyota	J.V.Lamouroux, 1809	144086	Dictyota	J.V.Lamouroux, 1809	Chromista	Ochrophyta	Phaeophyceae	Dictyotales	Dictyotaceae	Dictyota			
Diodora cayenensis	160265	exact	urn:lsid:marinespecies.org:taxname:160265	Diodora cayenensis	(Lamarck, 1822)	160265	Diodora cayenensis	(Lamarck, 1822)	Animalia	Mollusca	Gastropoda	Lepetellida	Fissurellidae	Diodora		cayenensis	
Diploria clivosa	289825	exact	urn:lsid:marinespecies.org:taxname:289825	Diploria clivosa	(Ellis & Solander, 1786)	828326	Pseudodiploria clivosa	(Ellis & Solander, 1786)	Animalia	Cnidaria	Anthozoa	Scleractinia	Mussidae	Diploria		clivosa	
Diploria strigosa	289827	exact	urn:lsid:marinespecies.org:taxname:289827	Diploria strigosa	(Dana, 1846)	718718	Pseudodiploria strigosa	(Dana, 1846)	Animalia	Cnidaria	Anthozoa	Scleractinia	Mussidae	Diploria		strigosa	
Distaplia sp1	103464	exact	urn:lsid:marinespecies.org:taxname:103464	Distaplia	Della Valle, 1881	103464	Distaplia	Della Valle, 1881	Animalia	Chordata	Ascidiacea	Aplousobranchia	Holozoidae	Distaplia			
Dysidea etheria	164941	exact	urn:lsid:marinespecies.org:taxname:164941	Dysidea etheria	Laubenfels, 1936	164941	Dysidea etheria	Laubenfels, 1936	Animalia	Porifera	Demospongiae	Dictyoceratida	Dysideidae	Dysidea		etheria	
Echininus nodulosus	579332	exact	urn:lsid:marinespecies.org:taxname:579332	Echininus nodulosus	Clench & Abbott, 1942	419569	Tectarius antonii	(Philippi, 1846)	Animalia	Mollusca	Gastropoda	Littorinimorpha	Littorinidae	Echininus		nodulosus	
Echinometra lucunter	213380	exact	urn:lsid:marinespecies.org:taxname:213380	Echinometra lucunter	(Linnaeus, 1758)	213380	Echinometra lucunter	(Linnaeus, 1758)	Animalia	Echinodermata	Echinoidea	Camarodonta	Echinometridae	Echinometra		lucunter	
Echinometra viridis	422493	exact	urn:lsid:marinespecies.org:taxname:422493	Echinometra viridis	A. Agassiz, 1863	422493	Echinometra viridis	A. Agassiz, 1863	Animalia	Echinodermata	Echinoidea	Camarodonta	Echinometridae	Echinometra		viridis	
Erythropodium caribaeorum	289919	exact	urn:lsid:marinespecies.org:taxname:289919	Erythropodium caribaeorum	(Duchassaing & Michelotti, 1860)	289919	Erythropodium caribaeorum	(Duchassaing & Michelotti, 1860)	Animalia	Cnidaria	Anthozoa	Alcyonacea	Anthothelidae	Erythropodium		caribaeorum	
Eualetes sp1	397074	exact	urn:lsid:marinespecies.org:taxname:397074	Eualetes	Keen, 1971	397074	Eualetes	Keen, 1971	Animalia	Mollusca	Gastropoda	Littorinimorpha	Vermetidae	Eualetes			
Film																	
Fissurella angusta	419354	exact	urn:lsid:marinespecies.org:taxname:419354	Fissurella angusta	(Gmelin, 1791)	419354	Fissurella angusta	(Gmelin, 1791)	Animalia	Mollusca	Gastropoda	Lepetellida	Fissurellidae	Fissurella		angusta	
Fissurella barbadensis	419355	exact	urn:lsid:marinespecies.org:taxname:419355	Fissurella barbadensis	(Gmelin, 1791)	419355	Fissurella barbadensis	(Gmelin, 1791)	Animalia	Mollusca	Gastropoda	Lepetellida	Fissurellidae	Fissurella		barbadensis	
Fissurella nimbosa	729935	exact	urn:lsid:marinespecies.org:taxname:729935	Fissurella nimbosa	(Linnaeus, 1758)	729935	Fissurella nimbosa	(Linnaeus, 1758)	Animalia	Mollusca	Gastropoda	Lepetellida	Fissurellidae	Fissurella		nimbosa	
Fissurella nodosa	419357	exact	urn:lsid:marinespecies.org:taxname:419357	Fissurella nodosa	(Born, 1778)	419357	Fissurella nodosa	(Born, 1778)	Animalia	Mollusca	Gastropoda	Lepetellida	Fissurellidae	Fissurella		nodosa	
Fissurella sp1	138013	exact	urn:lsid:marinespecies.org:taxname:138013	Fissurella	Bruguière, 1789	138013	Fissurella	Bruguière, 1789	Animalia	Mollusca	Gastropoda	Lepetellida	Fissurellidae	Fissurella			
Fissurella sp11	138013	exact	urn:lsid:marinespecies.org:taxname:138013	Fissurella	Bruguière, 1789	138013	Fissurella	Bruguière, 1789	Animalia	Mollusca	Gastropoda	Lepetellida	Fissurellidae	Fissurella			
Fissurella sp2	138013	exact	urn:lsid:marinespecies.org:taxname:138013	Fissurella	Bruguière, 1789	138013	Fissurella	Bruguière, 1789	Animalia	Mollusca	Gastropoda	Lepetellida	Fissurellidae	Fissurella			
Fissurella sp3	138013	exact	urn:lsid:marinespecies.org:taxname:138013	Fissurella	Bruguière, 1789	138013	Fissurella	Bruguière, 1789	Animalia	Mollusca	Gastropoda	Lepetellida	Fissurellidae	Fissurella			
Fissurella sp4	138013	exact	urn:lsid:marinespecies.org:taxname:138013	Fissurella	Bruguière, 1789	138013	Fissurella	Bruguière, 1789	Animalia	Mollusca	Gastropoda	Lepetellida	Fissurellidae	Fissurella			
Fissurella sp5	138013	exact	urn:lsid:marinespecies.org:taxname:138013	Fissurella	Bruguière, 1789	138013	Fissurella	Bruguière, 1789	Animalia	Mollusca	Gastropoda	Lepetellida	Fissurellidae	Fissurella			
Galaxaura sp1	144203	exact	urn:lsid:marinespecies.org:taxname:144203	Galaxaura	J.V.Lamouroux, 1812	144203	Galaxaura	J.V.Lamouroux, 1812	Plantae	Rhodophyta	Florideophyceae	Nemaliales	Galaxauraceae	Galaxaura			
Gastropoda spp	101	exact	urn:lsid:marinespecies.org:taxname:101	Gastropoda	Cuvier, 1795	101	Gastropoda	Cuvier, 1795	Animalia	Mollusca	Gastropoda						
Gelidiella acerosa	145567	exact	urn:lsid:marinespecies.org:taxname:145567	Gelidiella acerosa	(Forsskål) Feldmann & G.Hamel, 1934	145567	Gelidiella acerosa	(Forsskål) Feldmann & G.Hamel, 1934	Plantae	Rhodophyta	Florideophyceae	Gelidiales	Gelidiellaceae	Gelidiella		acerosa	
Gelidiella sp1	144134	exact	urn:lsid:marinespecies.org:taxname:144134	Gelidiella	Feldmann & G.Hamel, 1934	144134	Gelidiella	Feldmann & G.Hamel, 1934	Plantae	Rhodophyta	Florideophyceae	Gelidiales	Gelidiellaceae	Gelidiella			
Gelidiella sp2	144134	exact	urn:lsid:marinespecies.org:taxname:144134	Gelidiella	Feldmann & G.Hamel, 1934	144134	Gelidiella	Feldmann & G.Hamel, 1934	Plantae	Rhodophyta	Florideophyceae	Gelidiales	Gelidiellaceae	Gelidiella			
Gelidiella sp3	144134	exact	urn:lsid:marinespecies.org:taxname:144134	Gelidiella	Feldmann & G.Hamel, 1934	144134	Gelidiella	Feldmann & G.Hamel, 1934	Plantae	Rhodophyta	Florideophyceae	Gelidiales	Gelidiellaceae	Gelidiella			
Gelidium americanum	372916	exact	urn:lsid:marinespecies.org:taxname:372916	Gelidium americanum	(W.R.Taylor) Santelices, 1976	372916	Gelidium americanum	(W.R.Taylor) Santelices, 1976	Plantae	Rhodophyta	Florideophyceae	Gelidiales	Gelidiaceae	Gelidium		americanum	
Gelidium sp1	144135	exact	urn:lsid:marinespecies.org:taxname:144135	Gelidium	J.V. Lamouroux, 1813	144135	Gelidium	J.V. Lamouroux, 1813	Plantae	Rhodophyta	Florideophyceae	Gelidiales	Gelidiaceae	Gelidium			
Gelidium sp4	144135	exact	urn:lsid:marinespecies.org:taxname:144135	Gelidium	J.V. Lamouroux, 1813	144135	Gelidium	J.V. Lamouroux, 1813	Plantae	Rhodophyta	Florideophyceae	Gelidiales	Gelidiaceae	Gelidium			
Gracilaria domingensis	372998	exact	urn:lsid:marinespecies.org:taxname:372998	Gracilaria domingensis	(Kützing) Sonder ex Dickie, 1874	372998	Gracilaria domingensis	(Kützing) Sonder ex Dickie, 1874	Plantae	Rhodophyta	Florideophyceae	Gracilariales	Gracilariaceae	Gracilaria		domingensis	
Gracilaria sp1	144188	exact	urn:lsid:marinespecies.org:taxname:144188	Gracilaria	Greville, 1830	144188	Gracilaria	Greville, 1830	Plantae	Rhodophyta	Florideophyceae	Gracilariales	Gracilariaceae	Gracilaria			
Gracilaria sp2	144188	exact	urn:lsid:marinespecies.org:taxname:144188	Gracilaria	Greville, 1830	144188	Gracilaria	Greville, 1830	Plantae	Rhodophyta	Florideophyceae	Gracilariales	Gracilariaceae	Gracilaria			
Grapsidae spp	106772	exact	urn:lsid:marinespecies.org:taxname:106772	Grapsidae	MacLeay, 1838	106772	Grapsidae	MacLeay, 1838	Animalia	Arthropoda	Malacostraca	Decapoda	Grapsidae				
Grapsus sp1	106963	exact	urn:lsid:marinespecies.org:taxname:106963	Grapsus	Lamarck, 1801	106963	Grapsus	Lamarck, 1801	Animalia	Arthropoda	Malacostraca	Decapoda	Grapsidae	Grapsus			
Halimeda opuntia	144482	exact	urn:lsid:marinespecies.org:taxname:144482	Halimeda opuntia	(Linnaeus) J.V.Lamouroux, 1816	144482	Halimeda opuntia	(Linnaeus) J.V.Lamouroux, 1816	Plantae	Chlorophyta	Ulvophyceae	Bryopsidales	Halimedaceae	Halimeda		opuntia	
Hemitoma octoradiata	419360	exact	urn:lsid:marinespecies.org:taxname:419360	Hemitoma octoradiata	(Gmelin, 1791)	419360	Hemitoma octoradiata	(Gmelin, 1791)	Animalia	Mollusca	Gastropoda	Lepetellida	Fissurellidae	Hemitoma		octoradiata	
Hildenbrandia sp2	144191	exact	urn:lsid:marinespecies.org:taxname:144191	Hildenbrandia	Nardo, 1834	144191	Hildenbrandia	Nardo, 1834	Plantae	Rhodophyta	Florideophyceae	Hildenbrandiales	Hildenbrandiaceae	Hildenbrandia			
Holothuroidea spp	123083	exact	urn:lsid:marinespecies.org:taxname:123083	Holothuroidea		123083	Holothuroidea		Animalia	Echinodermata	Holothuroidea						
Hydrozoa spp	1337	exact	urn:lsid:marinespecies.org:taxname:1337	Hydrozoa	Owen, 1843	1337	Hydrozoa	Owen, 1843	Animalia	Cnidaria	Hydrozoa						
Hypnea sp1	144157	exact	urn:lsid:marinespecies.org:taxname:144157	Hypnea	J.V.Lamouroux, 1813	144157	Hypnea	J.V.Lamouroux, 1813	Plantae	Rhodophyta	Florideophyceae	Gigartinales	Cystocloniaceae	Hypnea			
Hypnea sp2	144157	exact	urn:lsid:marinespecies.org:taxname:144157	Hypnea	J.V.Lamouroux, 1813	144157	Hypnea	J.V.Lamouroux, 1813	Plantae	Rhodophyta	Florideophyceae	Gigartinales	Cystocloniaceae	Hypnea			
Hypnea sp3	144157	exact	urn:lsid:marinespecies.org:taxname:144157	Hypnea	J.V.Lamouroux, 1813	144157	Hypnea	J.V.Lamouroux, 1813	Plantae	Rhodophyta	Florideophyceae	Gigartinales	Cystocloniaceae	Hypnea			
Hypnea spinella	145635	exact	urn:lsid:marinespecies.org:taxname:145635	Hypnea spinella	(C.Agardh) Kützing, 1847	145635	Hypnea spinella	(C.Agardh) Kützing, 1847	Plantae	Rhodophyta	Florideophyceae	Gigartinales	Cystocloniaceae	Hypnea		spinella	
Ircinia strobilina	165051	exact	urn:lsid:marinespecies.org:taxname:165051	Ircinia strobilina	(Lamarck, 1816)	165051	Ircinia strobilina	(Lamarck, 1816)	Animalia	Porifera	Demospongiae	Dictyoceratida	Irciniidae	Ircinia		strobilina	
Isognomon alatus	420736	exact	urn:lsid:marinespecies.org:taxname:420736	Isognomon alatus	(Gmelin, 1791)	420736	Isognomon alatus	(Gmelin, 1791)	Animalia	Mollusca	Bivalvia	Ostreida	Pteriidae	Isognomon		alatus	
Isognomon radiatus	397087	exact	urn:lsid:marinespecies.org:taxname:397087	Isognomon radiatus	(Anton, 1838)	397087	Isognomon radiatus	(Anton, 1838)	Animalia	Mollusca	Bivalvia	Ostreida	Pteriidae	Isognomon		radiatus	
Isognomon sp1	138091	exact	urn:lsid:marinespecies.org:taxname:138091	Isognomon	Lightfoot, 1786	138091	Isognomon	Lightfoot, 1786	Animalia	Mollusca	Bivalvia	Ostreida	Pteriidae	Isognomon			
Isognomon sp3	138091	exact	urn:lsid:marinespecies.org:taxname:138091	Isognomon	Lightfoot, 1786	138091	Isognomon	Lightfoot, 1786	Animalia	Mollusca	Bivalvia	Ostreida	Pteriidae	Isognomon			
Isognomon sp4	138091	exact	urn:lsid:marinespecies.org:taxname:138091	Isognomon	Lightfoot, 1786	138091	Isognomon	Lightfoot, 1786	Animalia	Mollusca	Bivalvia	Ostreida	Pteriidae	Isognomon			
Isognomon sp5	138091	exact	urn:lsid:marinespecies.org:taxname:138091	Isognomon	Lightfoot, 1786	138091	Isognomon	Lightfoot, 1786	Animalia	Mollusca	Bivalvia	Ostreida	Pteriidae	Isognomon			
Laurencia filiformis	239301	exact	urn:lsid:marinespecies.org:taxname:239301	Laurencia filiformis	(C.Agardh) Montagne, 1845	239301	Laurencia filiformis	(C.Agardh) Montagne, 1845	Plantae	Rhodophyta	Florideophyceae	Ceramiales	Rhodomelaceae	Laurencia		filiformis	
Laurencia mamilosa	143914	exact	urn:lsid:marinespecies.org:taxname:143914	Laurencia	J.V.Lamouroux, 1813	143914	Laurencia	J.V.Lamouroux, 1813	Plantae	Rhodophyta	Florideophyceae	Ceramiales	Rhodomelaceae	Laurencia			
Laurencia obtusa	144827	exact	urn:lsid:marinespecies.org:taxname:144827	Laurencia obtusa	(Hudson) J.V.Lamouroux, 1813	144827	Laurencia obtusa	(Hudson) J.V.Lamouroux, 1813	Plantae	Rhodophyta	Florideophyceae	Ceramiales	Rhodomelaceae	Laurencia		obtusa	
Laurencia papillosa	212005	exact	urn:lsid:marinespecies.org:taxname:212005	Laurencia papillosa	(C.Agardh) Greville, 1830	495580	Palisada perforata	(Bory de Saint-Vincent) K.W.Nam, 2007	Plantae	Rhodophyta	Florideophyceae	Ceramiales	Rhodomelaceae	Laurencia		papillosa	
Laurencia poteaui	212018	exact	urn:lsid:marinespecies.org:taxname:212018	Laurencia poteaui	(Lamouroux) Howe	144830	Laurencia poiteaui	(J.V.Lamouroux) M.A.Howe, 1918	Plantae	Rhodophyta	Florideophyceae	Ceramiales	Rhodomelaceae	Laurencia		poteaui	
Laurencia sp1	143914	exact	urn:lsid:marinespecies.org:taxname:143914	Laurencia	J.V.Lamouroux, 1813	143914	Laurencia	J.V.Lamouroux, 1813	Plantae	Rhodophyta	Florideophyceae	Ceramiales	Rhodomelaceae	Laurencia			
Laurencia sp2	143914	exact	urn:lsid:marinespecies.org:taxname:143914	Laurencia	J.V.Lamouroux, 1813	143914	Laurencia	J.V.Lamouroux, 1813	Plantae	Rhodophyta	Florideophyceae	Ceramiales	Rhodomelaceae	Laurencia			
Laurencia sp3	143914	exact	urn:lsid:marinespecies.org:taxname:143914	Laurencia	J.V.Lamouroux, 1813	143914	Laurencia	J.V.Lamouroux, 1813	Plantae	Rhodophyta	Florideophyceae	Ceramiales	Rhodomelaceae	Laurencia			
Laurencia sp4	143914	exact	urn:lsid:marinespecies.org:taxname:143914	Laurencia	J.V.Lamouroux, 1813	143914	Laurencia	J.V.Lamouroux, 1813	Plantae	Rhodophyta	Florideophyceae	Ceramiales	Rhodomelaceae	Laurencia			
Laurencia sp5	143914	exact	urn:lsid:marinespecies.org:taxname:143914	Laurencia	J.V.Lamouroux, 1813	143914	Laurencia	J.V.Lamouroux, 1813	Plantae	Rhodophyta	Florideophyceae	Ceramiales	Rhodomelaceae	Laurencia			
Laurencia sp6	143914	exact	urn:lsid:marinespecies.org:taxname:143914	Laurencia	J.V.Lamouroux, 1813	143914	Laurencia	J.V.Lamouroux, 1813	Plantae	Rhodophyta	Florideophyceae	Ceramiales	Rhodomelaceae	Laurencia			
Lebrunia coralligens	290277	exact	urn:lsid:marinespecies.org:taxname:290277	Lebrunia coralligens	(Wilson, 1890)	290277	Lebrunia coralligens	(Wilson, 1890)	Animalia	Cnidaria	Anthozoa	Actiniaria	Aliciidae	Lebrunia		coralligens	
Lebrunia sp1	267545	exact	urn:lsid:marinespecies.org:taxname:267545	Lebrunia	Duchassaing de Fonbressin & Michelotti, 1860	267545	Lebrunia	Duchassaing de Fonbressin & Michelotti, 1860	Animalia	Cnidaria	Anthozoa	Actiniaria	Aliciidae	Lebrunia			
Lebrunia sp2	267545	exact	urn:lsid:marinespecies.org:taxname:267545	Lebrunia	Duchassaing de Fonbressin & Michelotti, 1860	267545	Lebrunia	Duchassaing de Fonbressin & Michelotti, 1860	Animalia	Cnidaria	Anthozoa	Actiniaria	Aliciidae	Lebrunia			
Leucozonia ocellata	420045	exact	urn:lsid:marinespecies.org:taxname:420045	Leucozonia ocellata	(Gmelin, 1791)	420045	Leucozonia ocellata	(Gmelin, 1791)	Animalia	Mollusca	Gastropoda	Neogastropoda	Fasciolariidae	Leucozonia		ocellata	
Littorina angustior	447847	exact	urn:lsid:marinespecies.org:taxname:447847	Littorina angustior	Mörch, 1876	419558	Echinolittorina angustior	(Mörch, 1876)	Animalia	Mollusca	Gastropoda	Littorinimorpha	Littorinidae	Littorina		angustior	
Littorina interrupta	549591	exact	urn:lsid:marinespecies.org:taxname:549591	Littorina interrupta	(C. B. Adams in Philippi, 1847)	419559	Echinolittorina interrupta	(Philippi, 1847)	Animalia	Mollusca	Gastropoda	Littorinimorpha	Littorinidae	Littorina		interrupta	
Littorina meleagris	156217	exact	urn:lsid:marinespecies.org:taxname:156217	Littorina meleagris	(Potiez & Michaud, 1838)	419560	Echinolittorina meleagris	(Potiez & Michaud, 1838)	Animalia	Mollusca	Gastropoda	Littorinimorpha	Littorinidae	Littorina		meleagris	
Littorina sp1	138135	exact	urn:lsid:marinespecies.org:taxname:138135	Littorina	Férussac, 1822	138135	Littorina	Férussac, 1822	Animalia	Mollusca	Gastropoda	Littorinimorpha	Littorinidae	Littorina			
Littorina sp2	138135	exact	urn:lsid:marinespecies.org:taxname:138135	Littorina	Férussac, 1822	138135	Littorina	Férussac, 1822	Animalia	Mollusca	Gastropoda	Littorinimorpha	Littorinidae	Littorina			
Littorina sp3	138135	exact	urn:lsid:marinespecies.org:taxname:138135	Littorina	Férussac, 1822	138135	Littorina	Férussac, 1822	Animalia	Mollusca	Gastropoda	Littorinimorpha	Littorinidae	Littorina			
Littorina sp5	138135	exact	urn:lsid:marinespecies.org:taxname:138135	Littorina	Férussac, 1822	138135	Littorina	Férussac, 1822	Animalia	Mollusca	Gastropoda	Littorinimorpha	Littorinidae	Littorina			
Littorina ziczac	397093	exact	urn:lsid:marinespecies.org:taxname:397093	Littorina ziczac	(Gmelin, 1791)	419564	Echinolittorina ziczac	(Gmelin, 1791)	Animalia	Mollusca	Gastropoda	Littorinimorpha	Littorinidae	Littorina		ziczac	
Lyngbya sp1	146538	exact	urn:lsid:marinespecies.org:taxname:146538	Lyngbya	C.Agardh ex Gomont, 1892	146538	Lyngbya	C.Agardh ex Gomont, 1892	Bacteria	Cyanobacteria	Cyanophyceae	Oscillatoriales	Oscillatoriaceae	Lyngbya			
Lyngbya sp2	146538	exact	urn:lsid:marinespecies.org:taxname:146538	Lyngbya	C.Agardh ex Gomont, 1892	146538	Lyngbya	C.Agardh ex Gomont, 1892	Bacteria	Cyanobacteria	Cyanophyceae	Oscillatoriales	Oscillatoriaceae	Lyngbya			
Lyngbya sp3	146538	exact	urn:lsid:marinespecies.org:taxname:146538	Lyngbya	C.Agardh ex Gomont, 1892	146538	Lyngbya	C.Agardh ex Gomont, 1892	Bacteria	Cyanobacteria	Cyanophyceae	Oscillatoriales	Oscillatoriaceae	Lyngbya			
Lyngbya sp4	146538	exact	urn:lsid:marinespecies.org:taxname:146538	Lyngbya	C.Agardh ex Gomont, 1892	146538	Lyngbya	C.Agardh ex Gomont, 1892	Bacteria	Cyanobacteria	Cyanophyceae	Oscillatoriales	Oscillatoriaceae	Lyngbya			
Lyngbya sp5	146538	exact	urn:lsid:marinespecies.org:taxname:146538	Lyngbya	C.Agardh ex Gomont, 1892	146538	Lyngbya	C.Agardh ex Gomont, 1892	Bacteria	Cyanobacteria	Cyanophyceae	Oscillatoriales	Oscillatoriaceae	Lyngbya			
Millepora alcicornis	210726	exact	urn:lsid:marinespecies.org:taxname:210726	Millepora alcicornis	Linnaeus, 1758	210726	Millepora alcicornis	Linnaeus, 1758	Animalia	Cnidaria	Hydrozoa	Anthoathecata	Milleporidae	Millepora		alcicornis	
Millepora complanata	287421	exact	urn:lsid:marinespecies.org:taxname:287421	Millepora complanata	Lamarck, 1816	287421	Millepora complanata	Lamarck, 1816	Animalia	Cnidaria	Hydrozoa	Anthoathecata	Milleporidae	Millepora		complanata	
Millepora sp1	205902	exact	urn:lsid:marinespecies.org:taxname:205902	Millepora	Linnaeus, 1758	205902	Millepora	Linnaeus, 1758	Animalia	Cnidaria	Hydrozoa	Anthoathecata	Milleporidae	Millepora			
Mitrella ocellata	139202	exact	urn:lsid:marinespecies.org:taxname:139202	Mitrella ocellata	(Gmelin, 1791)	139202	Mitrella ocellata	(Gmelin, 1791)	Animalia	Mollusca	Gastropoda	Neogastropoda	Columbellidae	Mitrella		ocellata	
Mitrella sp1	137804	exact	urn:lsid:marinespecies.org:taxname:137804	Mitrella	Risso, 1826	137804	Mitrella	Risso, 1826	Animalia	Mollusca	Gastropoda	Neogastropoda	Columbellidae	Mitrella			
Mitrella sp2	137804	exact	urn:lsid:marinespecies.org:taxname:137804	Mitrella	Risso, 1826	137804	Mitrella	Risso, 1826	Animalia	Mollusca	Gastropoda	Neogastropoda	Columbellidae	Mitrella			
Mitrella sp3	137804	exact	urn:lsid:marinespecies.org:taxname:137804	Mitrella	Risso, 1826	137804	Mitrella	Risso, 1826	Animalia	Mollusca	Gastropoda	Neogastropoda	Columbellidae	Mitrella			
Mitrella sp4	137804	exact	urn:lsid:marinespecies.org:taxname:137804	Mitrella	Risso, 1826	137804	Mitrella	Risso, 1826	Animalia	Mollusca	Gastropoda	Neogastropoda	Columbellidae	Mitrella			
Mitrella sp5	137804	exact	urn:lsid:marinespecies.org:taxname:137804	Mitrella	Risso, 1826	137804	Mitrella	Risso, 1826	Animalia	Mollusca	Gastropoda	Neogastropoda	Columbellidae	Mitrella			
Mitrella sp6	137804	exact	urn:lsid:marinespecies.org:taxname:137804	Mitrella	Risso, 1826	137804	Mitrella	Risso, 1826	Animalia	Mollusca	Gastropoda	Neogastropoda	Columbellidae	Mitrella			
Muricidae spp	148	exact	urn:lsid:marinespecies.org:taxname:148	Muricidae	Rafinesque, 1815	148	Muricidae	Rafinesque, 1815	Animalia	Mollusca	Gastropoda	Neogastropoda	Muricidae				
Nerita peloronta	419504	exact	urn:lsid:marinespecies.org:taxname:419504	Nerita peloronta	Linnaeus, 1758	419504	Nerita peloronta	Linnaeus, 1758	Animalia	Mollusca	Gastropoda	Cycloneritida	Neritidae	Nerita		peloronta	
Nerita tessellata	419505	exact	urn:lsid:marinespecies.org:taxname:419505	Nerita tessellata	Gmelin, 1791	419505	Nerita tessellata	Gmelin, 1791	Animalia	Mollusca	Gastropoda	Cycloneritida	Neritidae	Nerita		tessellata	
Nerita versicolor	419506	exact	urn:lsid:marinespecies.org:taxname:419506	Nerita versicolor	Gmelin, 1791	419506	Nerita versicolor	Gmelin, 1791	Animalia	Mollusca	Gastropoda	Cycloneritida	Neritidae	Nerita		versicolor	
Niphates erecta	166776	exact	urn:lsid:marinespecies.org:taxname:166776	Niphates erecta	Duchassaing & Michelotti, 1864	166776	Niphates erecta	Duchassaing & Michelotti, 1864	Animalia	Porifera	Demospongiae	Haplosclerida	Niphatidae	Niphates		erecta	
Nitidella laevigata	520433	exact	urn:lsid:marinespecies.org:taxname:520433	Nitidella laevigata	(Linnaeus, 1758)	420008	Rhombinella laevigata	(Linnaeus, 1758)	Animalia	Mollusca	Gastropoda	Neogastropoda	Columbellidae	Nitidella		laevigata	
Ophioderma sp1	123547	exact	urn:lsid:marinespecies.org:taxname:123547	Ophioderma	Müller & Troschel, 1840	123547	Ophioderma	Müller & Troschel, 1840	Animalia	Echinodermata	Ophiuroidea	Ophiacanthida	Ophiodermatidae	Ophioderma			
Ophiurida spp	123117	exact	urn:lsid:marinespecies.org:taxname:123117	Ophiurida	Müller & Troschel, 1840 sensu O'Hara et al., 2017	123117	Ophiurida	Müller & Troschel, 1840 sensu O'Hara et al., 2017	Animalia	Echinodermata	Ophiuroidea	Ophiurida					
Padina gymnospora	145384	exact	urn:lsid:marinespecies.org:taxname:145384	Padina gymnospora	(Kützing) Sonder, 1871	145384	Padina gymnospora	(Kützing) Sonder, 1871	Chromista	Ochrophyta	Phaeophyceae	Dictyotales	Dictyotaceae	Padina		gymnospora	
Padina sp1	144088	exact	urn:lsid:marinespecies.org:taxname:144088	Padina	Adanson, 1763	144088	Padina	Adanson, 1763	Chromista	Ochrophyta	Phaeophyceae	Dictyotales	Dictyotaceae	Padina			
Palythoa caribaeorum	288456	exact	urn:lsid:marinespecies.org:taxname:288456	Palythoa caribaeorum	(Duchassaing & Michelotti, 1860)	288456	Palythoa caribaeorum	(Duchassaing & Michelotti, 1860)	Animalia	Cnidaria	Anthozoa	Zoantharia	Sphenopidae	Palythoa		caribaeorum	
Palythoa sp1	205785	exact	urn:lsid:marinespecies.org:taxname:205785	Palythoa	Lamouroux, 1816	205785	Palythoa	Lamouroux, 1816	Animalia	Cnidaria	Anthozoa	Zoantharia	Sphenopidae	Palythoa			
Petaloconchus sp1	138650	exact	urn:lsid:marinespecies.org:taxname:138650	Petaloconchus	Lea, 1843	138650	Petaloconchus	Lea, 1843	Animalia	Mollusca	Gastropoda	Littorinimorpha	Vermetidae	Petaloconchus			
Petrolisthes sp1	206848	exact	urn:lsid:marinespecies.org:taxname:206848	Petrolisthes	Stimpson, 1858	206848	Petrolisthes	Stimpson, 1858	Animalia	Arthropoda	Malacostraca	Decapoda	Porcellanidae	Petrolisthes			
Petrolisthes sp2	206848	exact	urn:lsid:marinespecies.org:taxname:206848	Petrolisthes	Stimpson, 1858	206848	Petrolisthes	Stimpson, 1858	Animalia	Arthropoda	Malacostraca	Decapoda	Porcellanidae	Petrolisthes			
Phaeophyceae spp	830	exact	urn:lsid:marinespecies.org:taxname:830	Phaeophyceae	Kjellman, 1891	830	Phaeophyceae	Kjellman, 1891	Chromista	Ochrophyta	Phaeophyceae						
Phallusia nigra	103725	exact	urn:lsid:marinespecies.org:taxname:103725	Phallusia nigra	Savigny, 1816	103725	Phallusia nigra	Savigny, 1816	Animalia	Chordata	Ascidiacea	Phlebobranchia	Ascidiidae	Phallusia		nigra	
Planaxis sp1	138355	exact	urn:lsid:marinespecies.org:taxname:138355	Planaxis	Lamarck, 1822	138355	Planaxis	Lamarck, 1822	Animalia	Mollusca	Gastropoda	[unassigned] Caenogastropoda	Planaxidae	Planaxis			
Planaxis sp2	138355	exact	urn:lsid:marinespecies.org:taxname:138355	Planaxis	Lamarck, 1822	138355	Planaxis	Lamarck, 1822	Animalia	Mollusca	Gastropoda	[unassigned] Caenogastropoda	Planaxidae	Planaxis			
Planaxis sp3	138355	exact	urn:lsid:marinespecies.org:taxname:138355	Planaxis	Lamarck, 1822	138355	Planaxis	Lamarck, 1822	Animalia	Mollusca	Gastropoda	[unassigned] Caenogastropoda	Planaxidae	Planaxis			
Planaxis sp4	138355	exact	urn:lsid:marinespecies.org:taxname:138355	Planaxis	Lamarck, 1822	138355	Planaxis	Lamarck, 1822	Animalia	Mollusca	Gastropoda	[unassigned] Caenogastropoda	Planaxidae	Planaxis			
Plantae spp	3	exact	urn:lsid:marinespecies.org:taxname:3	Plantae	Haeckel, 1866	3	Plantae	Haeckel, 1866	Plantae								
Polysiphonia atlantica	144608	exact	urn:lsid:marinespecies.org:taxname:144608	Polysiphonia atlantica	Kapraun & J.N.Norris, 1982	144608	Polysiphonia atlantica	Kapraun & J.N.Norris, 1982	Plantae	Rhodophyta	Florideophyceae	Ceramiales	Rhodomelaceae	Polysiphonia		atlantica	
Porites astreoides	288889	exact	urn:lsid:marinespecies.org:taxname:288889	Porites astreoides	Lamarck, 1816	288889	Porites astreoides	Lamarck, 1816	Animalia	Cnidaria	Anthozoa	Scleractinia	Poritidae	Porites		astreoides	
Porites sp2	206485	exact	urn:lsid:marinespecies.org:taxname:206485	Porites	Link, 1807	206485	Porites	Link, 1807	Animalia	Cnidaria	Anthozoa	Scleractinia	Poritidae	Porites			
Pseudolithoderma extensum	144990	exact	urn:lsid:marinespecies.org:taxname:144990	Pseudolithoderma extensum	(P.L.Crouan & H.M.Crouan) S.Lund, 1959	144990	Pseudolithoderma extensum	(P.L.Crouan & H.M.Crouan) S.Lund, 1959	Chromista	Ochrophyta	Phaeophyceae	Ralfsiales	Ralfsiaceae	Pseudolithoderma		extensum	
Pteria colimbus	420735	phonetic	urn:lsid:marinespecies.org:taxname:420735	Pteria colymbus	(Röding, 1798)	420735	Pteria colymbus	(Röding, 1798)	Animalia	Mollusca	Bivalvia	Ostreida	Pteriidae	Pteria		colymbus	
Purpura patula	817459	exact	urn:lsid:marinespecies.org:taxname:817459	Purpura patula	(Linnaeus, 1758)	396994	Plicopurpura patula	(Linnaeus, 1758)	Animalia	Mollusca	Gastropoda	Neogastropoda	Muricidae	Purpura		patula	
Sacoglossa spp	167	exact	urn:lsid:marinespecies.org:taxname:167	Sacoglossa		167	Sacoglossa		Animalia	Mollusca	Gastropoda						
Sargassum sp1	144132	exact	urn:lsid:marinespecies.org:taxname:144132	Sargassum	C.Agardh, 1820	144132	Sargassum	C.Agardh, 1820	Chromista	Ochrophyta	Phaeophyceae	Fucales	Sargassaceae	Sargassum			
Siderastrea radians	207517	exact	urn:lsid:marinespecies.org:taxname:207517	Siderastrea radians	(Pallas, 1766)	207517	Siderastrea radians	(Pallas, 1766)	Animalia	Cnidaria	Anthozoa	Scleractinia	Siderastreidae	Siderastrea		radians	
Siderastrea sp1	204291	exact	urn:lsid:marinespecies.org:taxname:204291	Siderastrea	Blainville, 1830	204291	Siderastrea	Blainville, 1830	Animalia	Cnidaria	Anthozoa	Scleractinia	Siderastreidae	Siderastrea			
Siphonaria sp1	138489	exact	urn:lsid:marinespecies.org:taxname:138489	Siphonaria	G. B. Sowerby I, 1823	138489	Siphonaria	G. B. Sowerby I, 1823	Animalia	Mollusca	Gastropoda	Siphonariida	Siphonariidae	Siphonaria			
Siphonaria sp2	138489	exact	urn:lsid:marinespecies.org:taxname:138489	Siphonaria	G. B. Sowerby I, 1823	138489	Siphonaria	G. B. Sowerby I, 1823	Animalia	Mollusca	Gastropoda	Siphonariida	Siphonariidae	Siphonaria			
Tectarius muricatus	397190	exact	urn:lsid:marinespecies.org:taxname:397190	Tectarius muricatus	(Linnaeus, 1758)	419557	Cenchritis muricatus	(Linnaeus, 1758)	Animalia	Mollusca	Gastropoda	Littorinimorpha	Littorinidae	Tectarius		muricatus	
Tetraclita sp1	204386	exact	urn:lsid:marinespecies.org:taxname:204386	Tetraclita	Schumacher, 1817	204386	Tetraclita	Schumacher, 1817	Animalia	Arthropoda	Hexanauplia	Sessilia	Tetraclitidae	Tetraclita			
Thais deltoidea	817474	exact	urn:lsid:marinespecies.org:taxname:817474	Thais deltoidea	(Lamarck, 1822)	714225	Vasula deltoidea	(Lamarck, 1822)	Animalia	Mollusca	Gastropoda	Neogastropoda	Muricidae	Thais		deltoidea	
Thais rustica	397116	exact	urn:lsid:marinespecies.org:taxname:397116	Stramonita rustica	(Lamarck, 1822)	397116	Stramonita rustica	(Lamarck, 1822)	Animalia	Mollusca	Gastropoda	Neogastropoda	Muricidae	Stramonita	rustica		
Thais sp1	138207	exact	urn:lsid:marinespecies.org:taxname:138207	Thais	Röding, 1798	138207	Thais	Röding, 1798	Animalia	Mollusca	Gastropoda	Neogastropoda	Muricidae	Thais			
Thais sp2	138207	exact	urn:lsid:marinespecies.org:taxname:138207	Thais	Röding, 1798	138207	Thais	Röding, 1798	Animalia	Mollusca	Gastropoda	Neogastropoda	Muricidae	Thais			
Thais sp3	138207	exact	urn:lsid:marinespecies.org:taxname:138207	Thais	Röding, 1798	138207	Thais	Röding, 1798	Animalia	Mollusca	Gastropoda	Neogastropoda	Muricidae	Thais			
Thais sp4	138207	exact	urn:lsid:marinespecies.org:taxname:138207	Thais	Röding, 1798	138207	Thais	Röding, 1798	Animalia	Mollusca	Gastropoda	Neogastropoda	Muricidae	Thais			
Thalassia testudinum	374720	exact	urn:lsid:marinespecies.org:taxname:374720	Thalassia testudinum	K.D.Koenig, 1805	374720	Thalassia testudinum	K.D.Koenig, 1805	Plantae	Tracheophyta	Magnoliopsida	Alismatales	Hydrocharitaceae	Thalassia		testudinum	
Tubastrea aurea	207502	exact	urn:lsid:marinespecies.org:taxname:207502	Tubastrea aurea	(Quoy & Gaimard, 1833)	411299	Tubastaea coccinea	Lesson, 1830	Animalia	Cnidaria	Anthozoa	Scleractinia	Dendrophylliidae	Tubastrea		aurea	
Ulva lactuca	145984	exact	urn:lsid:marinespecies.org:taxname:145984	Ulva lactuca	Linnaeus, 1753	145984	Ulva lactuca	Linnaeus, 1753	Plantae	Chlorophyta	Ulvophyceae	Ulvales	Ulvaceae	Ulva		lactuca	
Ulva sp1	144296	exact	urn:lsid:marinespecies.org:taxname:144296	Ulva	Linnaeus, 1753	144296	Ulva	Linnaeus, 1753	Plantae	Chlorophyta	Ulvophyceae	Ulvales	Ulvaceae	Ulva			
Ulva sp20	144296	exact	urn:lsid:marinespecies.org:taxname:144296	Ulva	Linnaeus, 1753	144296	Ulva	Linnaeus, 1753	Plantae	Chlorophyta	Ulvophyceae	Ulvales	Ulvaceae	Ulva			
Ulva sp21	144296	exact	urn:lsid:marinespecies.org:taxname:144296	Ulva	Linnaeus, 1753	144296	Ulva	Linnaeus, 1753	Plantae	Chlorophyta	Ulvophyceae	Ulvales	Ulvaceae	Ulva			
Vermetidae spp	23139	exact	urn:lsid:marinespecies.org:taxname:23139	Vermetidae	Rafinesque, 1815	23139	Vermetidae	Rafinesque, 1815	Animalia	Mollusca	Gastropoda	Littorinimorpha	Vermetidae				
Zoanthus pulchellus	288840	exact	urn:lsid:marinespecies.org:taxname:288840	Zoanthus pulchellus	(Duchassaing & Michelotti, 1860)	288840	Zoanthus pulchellus	(Duchassaing & Michelotti, 1860)	Animalia	Cnidaria	Anthozoa	Zoantharia	Zoanthidae	Zoanthus		pulchellus	
